{
  "best_val_loss": 0.7790750861167908,
  "anomaly_scores_mean": 0.8722899556159973,
  "anomaly_scores_std": 0.3136393427848816,
  "anomaly_scores_95percentile": 1.402137041091919,
  "test_scores": [
    1.402607798576355,
    1.2037503719329834,
    0.6586345434188843,
    1.5188360214233398,
    1.3931934833526611,
    1.3166183233261108,
    1.0470620393753052,
    1.158003330230713,
    0.5763587355613708,
    1.273915410041809,
    1.0251575708389282,
    1.0912227630615234,
    0.8920947909355164,
    0.7588987946510315,
    0.6014641523361206,
    0.7125370502471924,
    0.9835315942764282,
    1.4315288066864014,
    0.47139209508895874,
    0.6926907896995544,
    1.1411144733428955,
    0.42531153559684753,
    0.8749085068702698,
    0.6161396503448486,
    0.3880876302719116,
    0.5470012426376343,
    0.6449369192123413,
    0.9172083139419556,
    1.0544862747192383,
    0.8649433851242065,
    0.6052537560462952,
    0.47619399428367615,
    0.7422760725021362,
    0.5158572793006897,
    0.43369632959365845,
    1.2038379907608032,
    0.9028835892677307,
    0.49855470657348633,
    0.8616238832473755,
    1.107540249824524,
    1.0262876749038696,
    0.5785341858863831
  ]
}