{
  "best_val_loss": 0.11587190628051758,
  "anomaly_scores_mean": 0.115976981818676,
  "anomaly_scores_std": 0.0016311155632138252,
  "anomaly_scores_95percentile": 0.11825641989707947,
  "test_scores": [
    0.11685584485530853,
    0.11528023332357407,
    0.1141216829419136,
    0.11949203908443451,
    0.11419635266065598,
    0.1149338036775589,
    0.11627702414989471,
    0.11775984615087509,
    0.11680156737565994,
    0.11479727178812027,
    0.11652909964323044,
    0.1182633638381958,
    0.11451295018196106,
    0.11582082509994507,
    0.11751452833414078,
    0.11687304824590683,
    0.1178702712059021,
    0.11468733847141266,
    0.11535327881574631,
    0.1154395267367363,
    0.11664827913045883,
    0.11969659477472305,
    0.11245593428611755,
    0.11493350565433502,
    0.11580365151166916,
    0.11424300074577332,
    0.11779549717903137,
    0.11430328339338303,
    0.11486009508371353,
    0.11767701059579849,
    0.11619596183300018,
    0.11570203304290771,
    0.11708109080791473,
    0.11600133031606674,
    0.11583060771226883,
    0.1171870231628418,
    0.11677825450897217,
    0.11760661005973816,
    0.11718305945396423,
    0.11731605231761932,
    0.11284255236387253,
    0.11562518775463104,
    0.11619387567043304,
    0.1193779855966568,
    0.11447886377573013,
    0.11318697780370712,
    0.11813980340957642,
    0.11656645685434341,
    0.11379994451999664,
    0.11532780528068542,
    0.11615186929702759,
    0.11697903275489807,
    0.1182534396648407,
    0.11803143471479416,
    0.11198505759239197,
    0.11569978296756744,
    0.11652681976556778,
    0.11519570648670197,
    0.11354370415210724,
    0.11742044240236282,
    0.1159895732998848,
    0.11469878256320953,
    0.11394527554512024,
    0.11297526210546494,
    0.11755765974521637,
    0.11626572161912918,
    0.11612074822187424,
    0.11710113286972046,
    0.11490333080291748,
    0.1156826987862587,
    0.11791372299194336,
    0.11527182906866074,
    0.11424671858549118,
    0.11498111486434937,
    0.11661545187234879
  ]
}