{
  "best_val_loss": 0.7064418196678162,
  "anomaly_scores_mean": 0.791134774684906,
  "anomaly_scores_std": 0.3530595898628235,
  "anomaly_scores_95percentile": 1.373762607574463,
  "test_scores": [
    1.3739454746246338,
    1.1017591953277588,
    0.6515367031097412,
    1.4903075695037842,
    1.3702876567840576,
    1.2643156051635742,
    1.0016945600509644,
    1.1440608501434326,
    0.5192594528198242,
    1.2593026161193848,
    1.023078441619873,
    1.0760222673416138,
    0.8166331648826599,
    0.5013917684555054,
    0.5090285539627075,
    0.5291663408279419,
    0.9438456296920776,
    1.4145328998565674,
    0.27333083748817444,
    0.6512137651443481,
    1.0911041498184204,
    0.35769182443618774,
    0.8421643972396851,
    0.40372923016548157,
    0.387179970741272,
    0.35443878173828125,
    0.47640782594680786,
    0.8594089150428772,
    0.8874597549438477,
    0.7590001821517944,
    0.5786746144294739,
    0.3421570360660553,
    0.5762742757797241,
    0.449529230594635,
    0.32097551226615906,
    1.1929736137390137,
    0.8269060254096985,
    0.30547279119491577,
    0.7987948060035706,
    1.106485366821289,
    0.978773832321167,
    0.4173413813114166
  ]
}