{
  "model_name": "cnn_simple",
  "epochs": 5,
  "batch_size": 32,
  "learning_rate": 0.001,
  "device": "cpu",
  "best_epoch": 5,
  "best_val_f1": 0.03708410850216308,
  "test_loss": 0.17149757299880017,
  "test_metrics": {
    "hamming_loss": 0.052289038470110995,
    "exact_match": 0.5318949761512058,
    "precision_micro": 0.5846153846153846,
    "precision_macro": 0.07182455071580872,
    "precision_weighted": 0.19641837537242404,
    "recall_micro": 0.018413082980012114,
    "recall_macro": 0.007728675052587858,
    "recall_weighted": 0.018413082980012114,
    "f1_micro": 0.03570170287727539,
    "f1_macro": 0.013304529518701045,
    "f1_weighted": 0.03178952556048936,
    "roc_auc_micro": 0.8099053102714475,
    "roc_auc_macro": 0.721120848319068,
    "roc_auc_weighted": 0.7111650756813526,
    "pr_auc_micro": 0.2240127734994476,
    "pr_auc_macro": 0.1191606335955869,
    "pr_auc_weighted": 0.20567574182059375
  },
  "training_history": {
    "train_loss": [
      0.1786988883833957,
      0.17549863521767498,
      0.17340490797855784,
      0.17125194672232397,
      0.1696667643503126
    ],
    "val_loss": [
      0.1751553235188169,
      0.1743970841721252,
      0.1720446638147376,
      0.1665516331834331,
      0.16643543564780824
    ],
    "val_f1": [
      0.0002503019315482337,
      0.01941163114389487,
      0.016614983026833008,
      0.028377787150285917,
      0.03708410850216308
    ],
    "val_precision": [
      0.08097267485585359,
      0.07467946178415512,
      0.17760039927318375,
      0.2175623089451908,
      0.2018039453179637
    ],
    "val_recall": [
      0.000125344697919278,
      0.011155678114815742,
      0.009150162948107296,
      0.016545500125344698,
      0.021809977437954375
    ],
    "learning_rate": [
      0.0009045084971874737,
      0.0006545084971874737,
      0.00034549150281252633,
      9.549150281252633e-05,
      0.0
    ]
  },
  "timestamp": "2026-03-27T20:05:05.492157"
}