{
  "model_name": "efficientnet_b0",
  "epochs": 1,
  "batch_size": 4,
  "learning_rate": 0.001,
  "device": "cpu",
  "best_epoch": 1,
  "best_val_f1": 0.14694280078895464,
  "test_loss": 0.4021975856560927,
  "test_metrics": {
    "hamming_loss": 0.10142857142857142,
    "exact_match": 0.5,
    "precision_micro": 0.06557377049180328,
    "precision_macro": 0.04642857142857142,
    "precision_weighted": 0.08333333333333333,
    "recall_micro": 0.2222222222222222,
    "recall_macro": 0.14880952380952378,
    "recall_weighted": 0.2222222222222222,
    "f1_micro": 0.10126582278481013,
    "f1_macro": 0.06760204081632652,
    "f1_weighted": 0.11706349206349204,
    "roc_auc_micro": 0.6800260671228413,
    "roc_auc_macro": 0.0,
    "pr_auc_macro": 0.0
  },
  "training_history": {
    "train_loss": [
      0.4318787707732274
    ],
    "val_loss": [
      0.41786863253666806
    ],
    "val_f1": [
      0.14694280078895464
    ],
    "val_precision": [
      0.19230769230769232
    ],
    "val_recall": [
      0.1282051282051282
    ],
    "learning_rate": [
      0.0
    ]
  },
  "timestamp": "2026-03-28T01:03:54.210846"
}