{
  "model_name": "efficientnet_b0",
  "epochs": 2,
  "batch_size": 32,
  "learning_rate": 0.001,
  "device": "cpu",
  "best_epoch": 2,
  "best_val_f1": 0.11626749883275905,
  "test_loss": 0.16726186806787113,
  "test_metrics": {
    "hamming_loss": 0.05447013646986901,
    "exact_match": 0.5173628137119423,
    "precision_micro": 0.4284687275341481,
    "precision_macro": 0.20830722083345643,
    "precision_weighted": 0.32913123183281984,
    "recall_micro": 0.10829800121138704,
    "recall_macro": 0.04659147284679786,
    "recall_weighted": 0.10829800121138704,
    "f1_micro": 0.17289561475607987,
    "f1_macro": 0.05089359115035941,
    "f1_weighted": 0.11851820100788815,
    "roc_auc_micro": 0.8345609688484237,
    "roc_auc_macro": 0.7535507448350927,
    "roc_auc_weighted": 0.7471527600136769,
    "pr_auc_micro": 0.2583931537131457,
    "pr_auc_macro": 0.1574219068458565,
    "pr_auc_weighted": 0.24593739764456388
  },
  "training_history": {
    "train_loss": [
      0.17420695800770072,
      0.1634617853458687
    ],
    "val_loss": [
      0.16325344622899324,
      0.16318541374641266
    ],
    "val_f1": [
      0.052894597595891234,
      0.11626749883275905
    ],
    "val_precision": [
      0.281490009548023,
      0.22354610196195654
    ],
    "val_recall": [
      0.03547254951115568,
      0.10804712960641763
    ],
    "learning_rate": [
      0.0005,
      0.0
    ]
  },
  "timestamp": "2026-03-27T21:57:16.655385"
}